,date,jz,ljjz,code
0,2020-09-04,3.0061,3.0837,001632
1,2020-09-03,3.0877,3.1653,001632
2,2020-09-02,3.1051,3.1827,001632
3,2020-09-01,3.1002,3.1778,001632
4,2020-08-31,3.1162,3.1938,001632
5,2020-08-28,3.0891,3.1667,001632
6,2020-08-27,2.996,3.0736,001632
7,2020-08-26,2.9414,3.019,001632
8,2020-08-25,2.9425,3.0201,001632
9,2020-08-24,2.8983,2.9759,001632
10,2020-08-21,2.8719,2.9495,001632
11,2020-08-20,2.8073,2.8849,001632
12,2020-08-19,2.8581,2.9357,001632
13,2020-08-18,2.842,2.9196,001632
14,2020-08-17,2.7929,2.8705,001632
15,2020-08-14,2.7477,2.8253,001632
16,2020-08-13,2.691,2.7686,001632
17,2020-08-12,2.6881,2.7657,001632
18,2020-08-11,2.7367,2.8143,001632
19,2020-08-10,2.7235,2.8011,001632
20,2020-08-07,2.7126,2.7902,001632
21,2020-08-07,2.7126,2.7902,001632
22,2020-08-06,2.7326,2.8102,001632
23,2020-08-05,2.7809,2.8585,001632
24,2020-08-04,2.7576,2.8352,001632
25,2020-08-03,2.77,2.8476,001632
26,2020-07-31,2.7486,2.8262,001632
27,2020-07-30,2.736,2.8136,001632
28,2020-07-29,2.7274,2.805,001632
29,2020-07-28,2.7026,2.7802,001632
30,2020-07-27,2.6175,2.6951,001632
31,2020-07-24,2.5853,2.6629,001632
32,2020-07-23,2.7058,2.7834,001632
33,2020-07-22,2.6918,2.7694,001632
34,2020-07-21,2.6451,2.7227,001632
35,2020-07-20,2.5899,2.6675,001632
36,2020-07-17,2.6023,2.6799,001632
37,2020-07-16,2.5601,2.6377,001632
38,2020-07-15,2.7449,2.8225,001632
39,2020-07-14,2.6991,2.7767,001632
40,2020-07-13,2.6981,2.7757,001632
41,2020-07-10,2.603,2.6806,001632
42,2020-07-10,2.603,2.6806,001632
43,2020-07-09,2.5796,2.6572,001632
44,2020-07-08,2.5482,2.6258,001632
45,2020-07-07,2.5256,2.6032,001632
46,2020-07-06,2.4705,2.5481,001632
47,2020-07-03,2.4177,2.4953,001632
48,2020-07-02,2.436,2.5136,001632
49,2020-07-01,2.4033,2.4809,001632
50,2020-06-30,2.3266,2.4042,001632
51,2020-06-29,2.2917,2.3693,001632
52,2020-06-24,2.2823,2.3599,001632
53,2020-06-23,2.2792,2.3568,001632
54,2020-06-22,2.2269,2.3045,001632
55,2020-06-19,2.2428,2.3204,001632
56,2020-06-18,2.1922,2.2698,001632
57,2020-06-17,2.1917,2.2693,001632
58,2020-06-16,2.1946,2.2722,001632
59,2020-06-15,2.1611,2.2387,001632
60,2020-06-12,2.1847,2.2623,001632
61,2020-06-11,2.1718,2.2494,001632
62,2020-06-10,2.2058,2.2834,001632
63,2020-06-10,2.2058,2.2834,001632
64,2020-06-09,2.196,2.2736,001632
65,2020-06-08,2.1729,2.2505,001632
66,2020-06-05,2.174,2.2516,001632
67,2020-06-04,2.1717,2.2493,001632
68,2020-06-03,2.1403,2.2179,001632
69,2020-06-02,2.1508,2.2284,001632
70,2020-06-01,2.1889,2.2665,001632
71,2020-05-29,2.1408,2.2184,001632
72,2020-05-28,2.109,2.1866,001632
73,2020-05-27,2.1098,2.1874,001632
74,2020-05-26,2.1235,2.2011,001632
75,2020-05-25,2.0994,2.177,001632
76,2020-05-22,2.0462,2.1238,001632
77,2020-05-21,2.1058,2.1834,001632
78,2020-05-20,2.0958,2.1734,001632
79,2020-05-19,2.1171,2.1947,001632
80,2020-05-18,2.102,2.1796,001632
81,2020-05-15,2.0531,2.1307,001632
82,2020-05-14,2.0645,2.1421,001632
83,2020-05-13,2.079,2.1566,001632
84,2020-05-13,2.079,2.1566,001632
85,2020-05-12,2.0344,2.112,001632
86,2020-05-11,2.0077,2.0853,001632
87,2020-05-08,2.0206,2.0982,001632
88,2020-05-07,1.9991,2.0767,001632
89,2020-05-06,1.9729,2.0505,001632
90,2020-04-30,1.9441,2.0217,001632
91,2020-04-29,1.9525,2.0301,001632
92,2020-04-28,1.9937,2.0713,001632
93,2020-04-27,1.9584,2.036,001632
94,2020-04-24,1.9551,2.0327,001632
95,2020-04-23,1.9489,2.0265,001632
96,2020-04-22,1.9432,2.0208,001632
97,2020-04-21,1.8914,1.969,001632
98,2020-04-20,1.9136,1.9912,001632
99,2020-04-17,1.8966,1.9742,001632
100,2020-04-16,1.8899,1.9675,001632
101,2020-04-15,1.8976,1.9752,001632
102,2020-04-14,1.9156,1.9932,001632
103,2020-04-13,1.8904,1.968,001632
104,2020-04-10,1.8937,1.9713,001632
105,2020-04-10,1.8937,1.9713,001632
106,2020-04-09,1.8983,1.9759,001632
107,2020-04-08,1.8772,1.9548,001632
108,2020-04-07,1.8928,1.9704,001632
109,2020-04-03,1.8359,1.9135,001632
110,2020-04-02,1.8274,1.905,001632
111,2020-04-01,1.812,1.8896,001632
112,2020-03-31,1.8378,1.9154,001632
113,2020-03-30,1.776,1.8536,001632
114,2020-03-27,1.7892,1.8668,001632
115,2020-03-26,1.7625,1.8401,001632
116,2020-03-25,1.7491,1.8267,001632
117,2020-03-24,1.7156,1.7932,001632
118,2020-03-23,1.652,1.7296,001632
119,2020-03-20,1.6879,1.7655,001632
120,2020-03-19,1.6359,1.7135,001632
121,2020-03-18,1.6692,1.7468,001632
122,2020-03-17,1.6985,1.7761,001632
123,2020-03-16,1.7156,1.7932,001632
124,2020-03-13,1.7757,1.8533,001632
125,2020-03-12,1.7989,1.8765,001632
126,2020-03-12,1.7989,1.8765,001632
127,2020-03-11,1.8369,1.9145,001632
128,2020-03-10,1.8409,1.9185,001632
129,2020-03-09,1.8006,1.8782,001632
130,2020-03-06,1.8663,1.9439,001632
131,2020-03-05,1.8958,1.9734,001632
132,2020-03-04,1.8248,1.9024,001632
133,2020-03-03,1.796,1.8736,001632
134,2020-03-02,1.7814,1.859,001632
135,2020-02-28,1.7397,1.8173,001632
136,2020-02-27,1.8027,1.8803,001632
137,2020-02-26,1.7692,1.8468,001632
138,2020-02-25,1.7886,1.8662,001632
139,2020-02-24,1.7996,1.8772,001632
140,2020-02-21,1.817,1.8946,001632
141,2020-02-20,1.8197,1.8973,001632
142,2020-02-19,1.7728,1.8504,001632
143,2020-02-18,1.7545,1.8321,001632
144,2020-02-17,1.7608,1.8384,001632
145,2020-02-14,1.7408,1.8184,001632
146,2020-02-13,1.7427,1.8203,001632
147,2020-02-13,1.7427,1.8203,001632
148,2020-02-12,1.7631,1.8407,001632
149,2020-02-11,1.757,1.8346,001632
150,2020-02-10,1.7372,1.8148,001632
151,2020-02-07,1.7327,1.8103,001632
152,2020-02-06,1.7121,1.7897,001632
153,2020-02-05,1.682,1.7596,001632
154,2020-02-04,1.6623,1.7399,001632
155,2020-02-03,1.6425,1.7201,001632
156,2020-01-23,1.7706,1.8482,001632
157,2020-01-22,1.8366,1.9142,001632
158,2020-01-21,1.8363,1.9139,001632
159,2020-01-20,1.8744,1.952,001632
160,2020-01-17,1.8804,1.958,001632
161,2020-01-16,1.8839,1.9615,001632
162,2020-01-15,1.8796,1.9572,001632
163,2020-01-14,1.8683,1.9459,001632
164,2020-01-13,1.8914,1.969,001632
165,2020-01-10,1.8676,1.9452,001632
166,2020-01-09,1.8452,1.9228,001632
167,2020-01-08,1.8154,1.893,001632
168,2020-01-08,1.8154,1.893,001632
169,2020-01-07,1.8222,1.8998,001632
170,2020-01-06,1.7975,1.8751,001632
171,2020-01-03,1.8147,1.8923,001632
172,2020-01-02,1.8309,1.9085,001632
173,2019-12-31,1.834,1.9116,001632
174,2019-12-30,1.8277,1.9053,001632
175,2019-12-27,1.7922,1.8698,001632
176,2019-12-26,1.7776,1.8552,001632
177,2019-12-25,1.7708,1.8484,001632
178,2019-12-24,1.7847,1.8623,001632
179,2019-12-23,1.774,1.8516,001632
180,2019-12-20,1.786,1.8636,001632
181,2019-12-19,1.7876,1.8652,001632
182,2019-12-18,1.7976,1.8752,001632
183,2019-12-17,1.7989,1.8765,001632
184,2019-12-16,1.7835,1.8611,001632
185,2019-12-13,1.7873,1.8649,001632
186,2019-12-12,1.7637,1.8413,001632
187,2019-12-11,1.7701,1.8477,001632
188,2019-12-10,1.7824,1.86,001632
189,2019-12-10,1.7824,1.86,001632
190,2019-12-09,1.7828,1.8604,001632
191,2019-12-06,1.795,1.8726,001632
192,2019-12-05,1.7666,1.8442,001632
193,2019-12-04,1.7614,1.839,001632
194,2019-12-03,1.7611,1.8387,001632
195,2019-12-02,1.762,1.8396,001632
196,2019-11-29,1.7621,1.8397,001632
197,2019-11-28,1.7949,1.8725,001632
198,2019-11-27,1.8028,1.8804,001632
199,2019-11-26,1.8043,1.8819,001632
200,2019-11-25,1.7899,1.8675,001632
201,2019-11-22,1.7944,1.872,001632
202,2019-11-21,1.8345,1.9121,001632
203,2019-11-20,1.8423,1.9199,001632
204,2019-11-19,1.8401,1.9177,001632
205,2019-11-18,1.8254,1.903,001632
206,2019-11-15,1.8205,1.8981,001632
207,2019-11-14,1.8313,1.9089,001632
208,2019-11-13,1.8234,1.901,001632
209,2019-11-12,1.81,1.8876,001632
210,2019-11-12,1.81,1.8876,001632
211,2019-11-11,1.8022,1.8798,001632
212,2019-11-08,1.8252,1.9028,001632
213,2019-11-07,1.8185,1.8961,001632
214,2019-11-06,1.81,1.8876,001632
215,2019-11-05,1.8273,1.9049,001632
216,2019-11-04,1.8147,1.8923,001632
217,2019-11-01,1.8017,1.8793,001632
218,2019-10-31,1.7844,1.862,001632
219,2019-10-30,1.7745,1.8521,001632
220,2019-10-29,1.7878,1.8654,001632
221,2019-10-28,1.7684,1.846,001632
222,2019-10-25,1.7448,1.8224,001632
223,2019-10-24,1.7202,1.7978,001632
224,2019-10-23,1.7455,1.8231,001632
225,2019-10-22,1.7639,1.8415,001632
226,2019-10-21,1.7528,1.8304,001632
227,2019-10-18,1.7538,1.8314,001632
228,2019-10-17,1.7713,1.8489,001632
229,2019-10-16,1.7692,1.8468,001632
230,2019-10-15,1.792,1.8696,001632
231,2019-10-15,1.792,1.8696,001632
232,2019-10-14,1.7786,1.8562,001632
233,2019-10-11,1.7714,1.849,001632
234,2019-10-10,1.7661,1.8437,001632
235,2019-10-09,1.7598,1.8374,001632
236,2019-10-08,1.7696,1.8472,001632
237,2019-09-30,1.7586,1.8362,001632
238,2019-09-27,1.7734,1.851,001632
239,2019-09-26,1.7757,1.8533,001632
240,2019-09-25,1.7946,1.8722,001632
241,2019-09-24,1.8027,1.8803,001632
242,2019-09-23,1.782,1.8596,001632
243,2019-09-20,1.8038,1.8814,001632
244,2019-09-19,1.7927,1.8703,001632
245,2019-09-18,1.7977,1.8753,001632
246,2019-09-17,1.7542,1.8318,001632
247,2019-09-16,1.7673,1.8449,001632
248,2019-09-12,1.7729,1.8505,001632
249,2019-09-11,1.7548,1.8324,001632
250,2019-09-10,1.808,1.8856,001632
251,2019-09-09,1.8084,1.886,001632
252,2019-09-09,1.8084,1.886,001632
253,2019-09-06,1.8042,1.8818,001632
254,2019-09-05,1.8032,1.8808,001632
255,2019-09-04,1.7943,1.8719,001632
256,2019-09-03,1.8093,1.8869,001632
257,2019-09-02,1.8178,1.8954,001632
258,2019-08-30,1.8132,1.8908,001632
259,2019-08-29,1.7858,1.8634,001632
260,2019-08-28,1.7784,1.856,001632
261,2019-08-27,1.7678,1.8454,001632
262,2019-08-26,1.74,1.8176,001632
263,2019-08-23,1.7679,1.8455,001632
264,2019-08-22,1.7561,1.8337,001632
265,2019-08-21,1.7312,1.8088,001632
266,2019-08-20,1.7465,1.8241,001632
267,2019-08-19,1.7375,1.8151,001632
268,2019-08-16,1.7171,1.7947,001632
269,2019-08-15,1.6888,1.7664,001632
270,2019-08-14,1.6924,1.77,001632
271,2019-08-13,1.668,1.7456,001632
272,2019-08-12,1.6733,1.7509,001632
273,2019-08-12,1.6733,1.7509,001632
274,2019-08-09,1.6371,1.7147,001632
275,2019-08-08,1.6589,1.7365,001632
276,2019-08-07,1.6348,1.7124,001632
277,2019-08-06,1.6412,1.7188,001632
278,2019-08-05,1.6473,1.7249,001632
279,2019-08-02,1.6765,1.7541,001632
280,2019-08-01,1.689,1.7666,001632
281,2019-07-31,1.7105,1.7881,001632
282,2019-07-30,1.7372,1.8148,001632
283,2019-07-29,1.7437,1.8213,001632
284,2019-07-26,1.7322,1.8098,001632
285,2019-07-25,1.7315,1.8091,001632
286,2019-07-24,1.7167,1.7943,001632
287,2019-07-23,1.7147,1.7923,001632
288,2019-07-22,1.7304,1.808,001632
289,2019-07-19,1.7149,1.7925,001632
290,2019-07-18,1.7035,1.7811,001632
291,2019-07-17,1.7251,1.8027,001632
292,2019-07-16,1.7307,1.8083,001632
293,2019-07-15,1.7544,1.832,001632
294,2019-07-15,1.7544,1.832,001632
295,2019-07-12,1.7647,1.8423,001632
296,2019-07-11,1.751,1.8286,001632
297,2019-07-10,1.7588,1.8364,001632
298,2019-07-09,1.759,1.8366,001632
299,2019-07-08,1.7531,1.8307,001632
300,2019-07-05,1.7885,1.8661,001632
301,2019-07-04,1.7567,1.8343,001632
302,2019-07-03,1.7906,1.8682,001632
303,2019-07-02,1.8182,1.8958,001632
304,2019-07-01,1.8114,1.889,001632
305,2019-06-30,1.7429,1.8205,001632
306,2019-06-28,1.743,1.8206,001632
307,2019-06-27,1.7398,1.8174,001632
308,2019-06-26,1.7061,1.7837,001632
309,2019-06-25,1.7032,1.7808,001632
310,2019-06-24,1.7042,1.7818,001632
311,2019-06-21,1.6846,1.7622,001632
312,2019-06-20,1.68,1.7576,001632
313,2019-06-19,1.6255,1.7031,001632
314,2019-06-18,1.6085,1.6861,001632
315,2019-06-18,1.6085,1.6861,001632
316,2019-06-17,1.6072,1.6848,001632
317,2019-06-14,1.6155,1.6931,001632
318,2019-06-13,1.6292,1.7068,001632
319,2019-06-12,1.6337,1.7113,001632
320,2019-06-11,1.6536,1.7312,001632
321,2019-06-10,1.5825,1.6601,001632
322,2019-06-06,1.5526,1.6302,001632
323,2019-06-05,1.5697,1.6473,001632
324,2019-06-04,1.5686,1.6462,001632
325,2019-06-03,1.6008,1.6784,001632
326,2019-05-31,1.6009,1.6785,001632
327,2019-05-30,1.6135,1.6911,001632
328,2019-05-29,1.6152,1.6928,001632
329,2019-05-28,1.6109,1.6885,001632
330,2019-05-27,1.5912,1.6688,001632
331,2019-05-24,1.5792,1.6568,001632
332,2019-05-23,1.5674,1.645,001632
333,2019-05-22,1.6092,1.6868,001632
334,2019-05-21,1.6185,1.6961,001632
335,2019-05-20,1.6044,1.682,001632
336,2019-05-20,1.6044,1.682,001632
337,2019-05-17,1.6367,1.7143,001632
338,2019-05-16,1.6784,1.756,001632
339,2019-05-15,1.6648,1.7424,001632
340,2019-05-14,1.5858,1.6634,001632
341,2019-05-13,1.6011,1.6787,001632
342,2019-05-10,1.5926,1.6702,001632
343,2019-05-09,1.5254,1.603,001632
344,2019-05-08,1.578,1.6556,001632
345,2019-05-07,1.5918,1.6694,001632
346,2019-05-06,1.5427,1.6203,001632
347,2019-04-30,1.6405,1.7181,001632
348,2019-04-29,1.6269,1.7045,001632
349,2019-04-26,1.6118,1.6894,001632
350,2019-04-25,1.6128,1.6904,001632
351,2019-04-24,1.6414,1.719,001632
352,2019-04-23,1.6432,1.7208,001632
353,2019-04-22,1.6245,1.7021,001632
354,2019-04-19,1.6373,1.7149,001632
355,2019-04-18,1.6351,1.7127,001632
356,2019-04-17,1.6278,1.7054,001632
357,2019-04-17,1.6278,1.7054,001632
358,2019-04-16,1.6165,1.6941,001632
359,2019-04-15,1.5905,1.6681,001632
360,2019-04-12,1.6053,1.6829,001632
361,2019-04-11,1.6072,1.6848,001632
362,2019-04-10,1.6743,1.7519,001632
363,2019-04-09,1.6561,1.7337,001632
364,2019-04-08,1.6235,1.7011,001632
365,2019-04-04,1.6199,1.6975,001632
366,2019-04-03,1.5918,1.6694,001632
367,2019-04-02,1.5925,1.6701,001632
368,2019-04-01,1.6107,1.6883,001632
369,2019-03-29,1.585,1.6626,001632
370,2019-03-28,1.5238,1.6014,001632
371,2019-03-27,1.5133,1.5909,001632
372,2019-03-26,1.4696,1.5472,001632
373,2019-03-25,1.4674,1.545,001632
374,2019-03-22,1.5041,1.5817,001632
375,2019-03-21,1.4896,1.5672,001632
376,2019-03-20,1.4968,1.5744,001632
377,2019-03-19,1.4909,1.5685,001632
378,2019-03-19,1.4909,1.5685,001632
379,2019-03-18,1.5106,1.5882,001632
380,2019-03-15,1.4224,1.5,001632
381,2019-03-14,1.3951,1.4727,001632
382,2019-03-13,1.3903,1.4679,001632
383,2019-03-12,1.3985,1.4761,001632
384,2019-03-11,1.3974,1.475,001632
385,2019-03-08,1.3569,1.4345,001632
386,2019-03-07,1.3896,1.4672,001632
387,2019-03-06,1.4139,1.4915,001632
388,2019-03-05,1.4214,1.499,001632
389,2019-03-04,1.4194,1.497,001632
390,2019-03-01,1.4026,1.4802,001632
391,2019-02-28,1.3643,1.4419,001632
392,2019-02-27,1.3503,1.4279,001632
393,2019-02-26,1.3343,1.4119,001632
394,2019-02-25,1.355,1.4326,001632
395,2019-02-22,1.3121,1.3897,001632
396,2019-02-21,1.3029,1.3805,001632
397,2019-02-20,1.3117,1.3893,001632
398,2019-02-19,1.3185,1.3961,001632
399,2019-02-19,1.3185,1.3961,001632
400,2019-02-18,1.3314,1.409,001632
401,2019-02-15,1.2929,1.3705,001632
402,2019-02-14,1.3161,1.3937,001632
403,2019-02-13,1.2935,1.3711,001632
404,2019-02-12,1.2792,1.3568,001632
405,2019-02-11,1.2773,1.3549,001632
406,2019-02-01,1.2338,1.3114,001632
407,2019-01-31,1.212,1.2896,001632
408,2019-01-30,1.2056,1.2832,001632
409,2019-01-29,1.2258,1.3034,001632
410,2019-01-28,1.2221,1.2997,001632
411,2019-01-25,1.2175,1.2951,001632
412,2019-01-24,1.214,1.2916,001632
413,2019-01-23,1.2061,1.2837,001632
414,2019-01-22,1.2063,1.2839,001632
415,2019-01-21,1.2236,1.3012,001632
416,2019-01-18,1.2065,1.2841,001632
417,2019-01-17,1.1868,1.2644,001632
418,2019-01-16,1.1882,1.2658,001632
419,2019-01-15,1.1914,1.269,001632
420,2019-01-15,1.1914,1.269,001632
421,2019-01-14,1.1387,1.2163,001632
422,2019-01-11,1.1525,1.2301,001632
423,2019-01-10,1.1374,1.215,001632
424,2019-01-09,1.1418,1.2194,001632
425,2019-01-08,1.127,1.2046,001632
426,2019-01-07,1.1313,1.2089,001632
427,2019-01-04,1.1211,1.1987,001632
428,2019-01-03,1.1018,1.1794,001632
429,2019-01-02,1.1245,1.2021,001632
430,2018-12-31,1.1393,1.2169,001632
431,2018-12-28,1.1394,1.217,001632
432,2018-12-27,1.1238,1.2014,001632
433,2018-12-26,1.1254,1.203,001632
434,2018-12-25,1.1343,1.2119,001632
435,2018-12-24,1.1377,1.2153,001632
436,2018-12-21,1.1269,1.2045,001632
437,2018-12-20,1.1397,1.2173,001632
438,2018-12-19,1.1426,1.2202,001632
439,2018-12-18,1.1621,1.2397,001632
440,2018-12-17,1.1699,1.2475,001632
441,2018-12-17,1.1699,1.2475,001632
442,2018-12-14,1.1788,1.2564,001632
443,2018-12-13,1.1953,1.2729,001632
444,2018-12-12,1.1746,1.2522,001632
445,2018-12-11,1.1652,1.2428,001632
446,2018-12-10,1.1541,1.2317,001632
447,2018-12-07,1.1678,1.2454,001632
448,2018-12-06,1.1646,1.2422,001632
449,2018-12-05,1.1936,1.2712,001632
450,2018-12-04,1.1929,1.2705,001632
451,2018-12-03,1.1899,1.2675,001632
452,2018-11-30,1.1449,1.2225,001632
453,2018-11-29,1.1235,1.2011,001632
454,2018-11-28,1.1291,1.2067,001632
455,2018-11-27,1.1124,1.19,001632
456,2018-11-26,1.1152,1.1928,001632
457,2018-11-23,1.1207,1.1983,001632
458,2018-11-22,1.1464,1.224,001632
459,2018-11-21,1.149,1.2266,001632
460,2018-11-20,1.1382,1.2158,001632
461,2018-11-19,1.1632,1.2408,001632
462,2018-11-19,1.1632,1.2408,001632
463,2018-11-16,1.1504,1.228,001632
464,2018-11-15,1.148,1.2256,001632
465,2018-11-14,1.1393,1.2169,001632
466,2018-11-13,1.157,1.2346,001632
467,2018-11-12,1.1309,1.2085,001632
468,2018-11-09,1.1268,1.2044,001632
469,2018-11-08,1.1318,1.2094,001632
470,2018-11-07,1.1329,1.2105,001632
471,2018-11-06,1.1283,1.2059,001632
472,2018-11-05,1.1386,1.2162,001632
473,2018-11-02,1.1616,1.2392,001632
474,2018-11-01,1.1062,1.1838,001632
475,2018-10-31,1.0899,1.1675,001632
476,2018-10-30,1.0544,1.132,001632
477,2018-10-29,1.0546,1.1322,001632
478,2018-10-26,1.132,1.2096,001632
479,2018-10-25,1.1634,1.241,001632
480,2018-10-24,1.1859,1.2635,001632
481,2018-10-23,1.2168,1.2944,001632
482,2018-10-22,1.2801,1.3577,001632
483,2018-10-22,1.2801,1.3577,001632
484,2018-10-19,1.2225,1.3001,001632
485,2018-10-18,1.1828,1.2604,001632
486,2018-10-17,1.2068,1.2844,001632
487,2018-10-16,1.2158,1.2934,001632
488,2018-10-15,1.2228,1.3004,001632
489,2018-10-12,1.246,1.3236,001632
490,2018-10-11,1.2177,1.2953,001632
491,2018-10-10,1.2652,1.3428,001632
492,2018-10-09,1.2912,1.3688,001632
493,2018-10-08,1.2856,1.3632,001632
494,2018-09-28,1.3519,1.4295,001632
495,2018-09-27,1.3418,1.4194,001632
496,2018-09-26,1.3443,1.4219,001632
497,2018-09-25,1.3088,1.3864,001632
498,2018-09-21,1.3189,1.3965,001632
499,2018-09-20,1.2762,1.3538,001632
500,2018-09-19,1.2767,1.3543,001632
501,2018-09-18,1.2501,1.3277,001632
502,2018-09-17,1.2253,1.3029,001632
503,2018-09-14,1.2256,1.3032,001632
504,2018-09-14,1.2256,1.3032,001632
505,2018-09-13,1.2114,1.289,001632
506,2018-09-12,1.2064,1.284,001632
507,2018-09-11,1.2255,1.3031,001632
508,2018-09-10,1.2217,1.2993,001632
509,2018-09-07,1.233,1.3106,001632
510,2018-09-06,1.2198,1.2974,001632
511,2018-09-05,1.2474,1.325,001632
512,2018-09-04,1.2679,1.3455,001632
513,2018-09-03,1.2575,1.3351,001632
514,2018-08-31,1.2609,1.3385,001632
515,2018-08-30,1.2838,1.3614,001632
516,2018-08-29,1.2944,1.372,001632
517,2018-08-28,1.3009,1.3785,001632
518,2018-08-27,1.3087,1.3863,001632
519,2018-08-24,1.2664,1.344,001632
520,2018-08-23,1.278,1.3556,001632
521,2018-08-22,1.2722,1.3498,001632
522,2018-08-21,1.2827,1.3603,001632
523,2018-08-20,1.2424,1.32,001632
524,2018-08-17,1.2346,1.3122,001632
525,2018-08-17,1.2346,1.3122,001632
526,2018-08-16,1.2562,1.3338,001632
527,2018-08-15,1.2827,1.3603,001632
528,2018-08-14,1.3199,1.3975,001632
529,2018-08-13,1.318,1.3956,001632
530,2018-08-10,1.3306,1.4082,001632
531,2018-08-09,1.3274,1.405,001632
532,2018-08-08,1.2918,1.3694,001632
533,2018-08-07,1.3208,1.3984,001632
534,2018-08-06,1.2886,1.3662,001632
535,2018-08-03,1.3208,1.3984,001632
536,2018-08-02,1.3537,1.4313,001632
537,2018-08-01,1.3864,1.464,001632
538,2018-07-31,1.4111,1.4887,001632
539,2018-07-30,1.4066,1.4842,001632
540,2018-07-27,1.4324,1.51,001632
541,2018-07-26,1.4189,1.4965,001632
542,2018-07-25,1.4347,1.5123,001632
543,2018-07-24,1.4389,1.5165,001632
544,2018-07-23,1.4061,1.4837,001632
545,2018-07-20,1.4249,1.5025,001632
546,2018-07-20,1.4249,1.5025,001632
547,2018-07-19,1.4195,1.4971,001632
548,2018-07-18,1.4312,1.5088,001632
549,2018-07-17,1.44,1.5176,001632
550,2018-07-16,1.4568,1.5344,001632
551,2018-07-13,1.4581,1.5357,001632
552,2018-07-12,1.4292,1.5068,001632
553,2018-07-11,1.3938,1.4714,001632
554,2018-07-10,1.4128,1.4904,001632
555,2018-07-09,1.4113,1.4889,001632
556,2018-07-06,1.3712,1.4488,001632
557,2018-07-05,1.3571,1.4347,001632
558,2018-07-04,1.3712,1.4488,001632
559,2018-07-03,1.3832,1.4608,001632
560,2018-07-02,1.4091,1.4867,001632
561,2018-06-30,1.4255,1.5031,001632
562,2018-06-29,1.4255,1.5031,001632
563,2018-06-28,1.3874,1.465,001632
564,2018-06-27,1.4164,1.494,001632
565,2018-06-26,1.4713,1.5489,001632
566,2018-06-25,1.4776,1.5552,001632
567,2018-06-25,1.4776,1.5552,001632
568,2018-06-22,1.5435,1.5435,001632
569,2018-06-21,1.5351,1.5351,001632
570,2018-06-20,1.5537,1.5537,001632
571,2018-06-19,1.5145,1.5145,001632
572,2018-06-15,1.5827,1.5827,001632
573,2018-06-14,1.6006,1.6006,001632
574,2018-06-13,1.6231,1.6231,001632
575,2018-06-12,1.6466,1.6466,001632
576,2018-06-11,1.5919,1.5919,001632
577,2018-06-08,1.6071,1.6071,001632
578,2018-06-07,1.6211,1.6211,001632
579,2018-06-06,1.6359,1.6359,001632
580,2018-06-05,1.6382,1.6382,001632
581,2018-06-04,1.6166,1.6166,001632
582,2018-06-01,1.5795,1.5795,001632
583,2018-05-31,1.6128,1.6128,001632
584,2018-05-30,1.5552,1.5552,001632
585,2018-05-29,1.5449,1.5449,001632
586,2018-05-28,1.5581,1.5581,001632
587,2018-05-25,1.5059,1.5059,001632
588,2018-05-25,1.5059,1.5059,001632
589,2018-05-24,1.4955,1.4955,001632
590,2018-05-23,1.5108,1.5108,001632
591,2018-05-22,1.5363,1.5363,001632
592,2018-05-21,1.5271,1.5271,001632
593,2018-05-18,1.5265,1.5265,001632
594,2018-05-17,1.5172,1.5172,001632
595,2018-05-16,1.5447,1.5447,001632
596,2018-05-15,1.5326,1.5326,001632
597,2018-05-14,1.5164,1.5164,001632
598,2018-05-11,1.4916,1.4916,001632
599,2018-05-10,1.5003,1.5003,001632
600,2018-05-09,1.4828,1.4828,001632
601,2018-05-08,1.4848,1.4848,001632
602,2018-05-07,1.4687,1.4687,001632
603,2018-05-04,1.4109,1.4109,001632
604,2018-05-03,1.4108,1.4108,001632
605,2018-05-02,1.3903,1.3903,001632
606,2018-04-27,1.3746,1.3746,001632
607,2018-04-26,1.3955,1.3955,001632
608,2018-04-25,1.4279,1.4279,001632
609,2018-04-25,1.4279,1.4279,001632
610,2018-04-24,1.4242,1.4242,001632
611,2018-04-23,1.3908,1.3908,001632
612,2018-04-20,1.3952,1.3952,001632
613,2018-04-19,1.4109,1.4109,001632
614,2018-04-18,1.3816,1.3816,001632
615,2018-04-17,1.3835,1.3835,001632
616,2018-04-16,1.4031,1.4031,001632
617,2018-04-13,1.4048,1.4048,001632
618,2018-04-12,1.4208,1.4208,001632
619,2018-04-11,1.4291,1.4291,001632
620,2018-04-10,1.4239,1.4239,001632
621,2018-04-09,1.4131,1.4131,001632
622,2018-04-04,1.4209,1.4209,001632
623,2018-04-03,1.3844,1.3844,001632
624,2018-04-02,1.3744,1.3744,001632
625,2018-03-30,1.3786,1.3786,001632
626,2018-03-29,1.3766,1.3766,001632
627,2018-03-28,1.3408,1.3408,001632
628,2018-03-27,1.3885,1.3885,001632
629,2018-03-26,1.3806,1.3806,001632
630,2018-03-26,1.3806,1.3806,001632
631,2018-03-23,1.385,1.385,001632
632,2018-03-22,1.4137,1.4137,001632
633,2018-03-21,1.4438,1.4438,001632
634,2018-03-20,1.4507,1.4507,001632
635,2018-03-19,1.4592,1.4592,001632
636,2018-03-16,1.4547,1.4547,001632
637,2018-03-15,1.4719,1.4719,001632
638,2018-03-14,1.4494,1.4494,001632
639,2018-03-13,1.4389,1.4389,001632
640,2018-03-12,1.4546,1.4546,001632
641,2018-03-09,1.4578,1.4578,001632
642,2018-03-08,1.4463,1.4463,001632
643,2018-03-07,1.421,1.421,001632
644,2018-03-06,1.4305,1.4305,001632
645,2018-03-05,1.4218,1.4218,001632
646,2018-03-02,1.4358,1.4358,001632
647,2018-03-01,1.4432,1.4432,001632
648,2018-02-28,1.4292,1.4292,001632
649,2018-02-27,1.4578,1.4578,001632
650,2018-02-26,1.4757,1.4757,001632
651,2018-02-26,1.4757,1.4757,001632
652,2018-02-23,1.4725,1.4725,001632
653,2018-02-22,1.4779,1.4779,001632
654,2018-02-14,1.4328,1.4328,001632
655,2018-02-13,1.4222,1.4222,001632
656,2018-02-12,1.417,1.417,001632
657,2018-02-09,1.3803,1.3803,001632
658,2018-02-08,1.403,1.403,001632
659,2018-02-07,1.3818,1.3818,001632
660,2018-02-06,1.4183,1.4183,001632
661,2018-02-05,1.4501,1.4501,001632
662,2018-02-02,1.4953,1.4953,001632
663,2018-02-01,1.5023,1.5023,001632
664,2018-01-31,1.5338,1.5338,001632
665,2018-01-30,1.5145,1.5145,001632
666,2018-01-29,1.5202,1.5202,001632
667,2018-01-26,1.5732,1.5732,001632
668,2018-01-25,1.5638,1.5638,001632
669,2018-01-24,1.5763,1.5763,001632
670,2018-01-23,1.5959,1.5959,001632
671,2018-01-22,1.596,1.596,001632
672,2018-01-22,1.596,1.596,001632
673,2018-01-19,1.5542,1.5542,001632
674,2018-01-18,1.57,1.57,001632
675,2018-01-17,1.5613,1.5613,001632
676,2018-01-16,1.595,1.595,001632
677,2018-01-15,1.5806,1.5806,001632
678,2018-01-12,1.5826,1.5826,001632
679,2018-01-11,1.5663,1.5663,001632
680,2018-01-10,1.5803,1.5803,001632
681,2018-01-09,1.5602,1.5602,001632
682,2018-01-08,1.5247,1.5247,001632
683,2018-01-05,1.5247,1.5247,001632
684,2018-01-04,1.5222,1.5222,001632
685,2018-01-03,1.4898,1.4898,001632
686,2018-01-02,1.4801,1.4801,001632
687,2017-12-31,1.4754,1.4754,001632
688,2017-12-29,1.4755,1.4755,001632
689,2017-12-28,1.4837,1.4837,001632
690,2017-12-27,1.4484,1.4484,001632
691,2017-12-26,1.4709,1.4709,001632
692,2017-12-25,1.4824,1.4824,001632
693,2017-12-25,1.4824,1.4824,001632
694,2017-12-22,1.4822,1.4822,001632
695,2017-12-21,1.4926,1.4926,001632
696,2017-12-20,1.4914,1.4914,001632
697,2017-12-19,1.4654,1.4654,001632
698,2017-12-18,1.4526,1.4526,001632
699,2017-12-15,1.4368,1.4368,001632
700,2017-12-14,1.45,1.45,001632
701,2017-12-13,1.4499,1.4499,001632
702,2017-12-12,1.4163,1.4163,001632
703,2017-12-11,1.4209,1.4209,001632
704,2017-12-08,1.3797,1.3797,001632
705,2017-12-07,1.3589,1.3589,001632
706,2017-12-06,1.3791,1.3791,001632
707,2017-12-05,1.3845,1.3845,001632
708,2017-12-04,1.3881,1.3881,001632
709,2017-12-01,1.3608,1.3608,001632
710,2017-11-30,1.3578,1.3578,001632
711,2017-11-29,1.3683,1.3683,001632
712,2017-11-28,1.3924,1.3924,001632
713,2017-11-27,1.3779,1.3779,001632
714,2017-11-27,1.3779,1.3779,001632
715,2017-11-24,1.3954,1.3954,001632
716,2017-11-23,1.398,1.398,001632
717,2017-11-22,1.4529,1.4529,001632
718,2017-11-21,1.4861,1.4861,001632
719,2017-11-20,1.4602,1.4602,001632
720,2017-11-17,1.4745,1.4745,001632
721,2017-11-16,1.5046,1.5046,001632
722,2017-11-15,1.4737,1.4737,001632
723,2017-11-14,1.4619,1.4619,001632
724,2017-11-13,1.495,1.495,001632
725,2017-11-10,1.5042,1.5042,001632
726,2017-11-09,1.4709,1.4709,001632
727,2017-11-08,1.4653,1.4653,001632
728,2017-11-07,1.4743,1.4743,001632
729,2017-11-06,1.479,1.479,001632
730,2017-11-03,1.4424,1.4424,001632
731,2017-11-02,1.4358,1.4358,001632
732,2017-11-01,1.433,1.433,001632
733,2017-10-31,1.4345,1.4345,001632
734,2017-10-30,1.4388,1.4388,001632
735,2017-10-30,1.4388,1.4388,001632
736,2017-10-27,1.4577,1.4577,001632
737,2017-10-26,1.4291,1.4291,001632
738,2017-10-25,1.4115,1.4115,001632
739,2017-10-24,1.415,1.415,001632
740,2017-10-23,1.412,1.412,001632
741,2017-10-20,1.4041,1.4041,001632
742,2017-10-19,1.4188,1.4188,001632
743,2017-10-18,1.3972,1.3972,001632
744,2017-10-17,1.3757,1.3757,001632
745,2017-10-16,1.373,1.373,001632
746,2017-10-13,1.3936,1.3936,001632
747,2017-10-12,1.395,1.395,001632
748,2017-10-11,1.4035,1.4035,001632
749,2017-10-10,1.3711,1.3711,001632
750,2017-10-09,1.3576,1.3576,001632
751,2017-09-29,1.3464,1.3464,001632
752,2017-09-28,1.3397,1.3397,001632
753,2017-09-27,1.3173,1.3173,001632
754,2017-09-26,1.3199,1.3199,001632
755,2017-09-25,1.3222,1.3222,001632
756,2017-09-25,1.3222,1.3222,001632
757,2017-09-22,1.3105,1.3105,001632
758,2017-09-21,1.3099,1.3099,001632
759,2017-09-20,1.3157,1.3157,001632
760,2017-09-19,1.3035,1.3035,001632
761,2017-09-18,1.31,1.31,001632
762,2017-09-15,1.2866,1.2866,001632
763,2017-09-14,1.2843,1.2843,001632
764,2017-09-13,1.2854,1.2854,001632
765,2017-09-12,1.2667,1.2667,001632
766,2017-09-11,1.2538,1.2538,001632
767,2017-09-08,1.2488,1.2488,001632
768,2017-09-07,1.2574,1.2574,001632
769,2017-09-06,1.2677,1.2677,001632
770,2017-09-05,1.2739,1.2739,001632
771,2017-09-04,1.2705,1.2705,001632
772,2017-09-01,1.2755,1.2755,001632
773,2017-08-31,1.2715,1.2715,001632
774,2017-08-30,1.2716,1.2716,001632
775,2017-08-29,1.2664,1.2664,001632
776,2017-08-28,1.2645,1.2645,001632
777,2017-08-28,1.2645,1.2645,001632
778,2017-08-25,1.2569,1.2569,001632
779,2017-08-24,1.2468,1.2468,001632
780,2017-08-23,1.2604,1.2604,001632
781,2017-08-22,1.2559,1.2559,001632
782,2017-08-21,1.2659,1.2659,001632
783,2017-08-18,1.2672,1.2672,001632
784,2017-08-17,1.2693,1.2693,001632
785,2017-08-16,1.2752,1.2752,001632
786,2017-08-15,1.2794,1.2794,001632
787,2017-08-14,1.2765,1.2765,001632
788,2017-08-11,1.2576,1.2576,001632
789,2017-08-10,1.285,1.285,001632
790,2017-08-09,1.2808,1.2808,001632
791,2017-08-08,1.2462,1.2462,001632
792,2017-08-07,1.2462,1.2462,001632
793,2017-08-04,1.2199,1.2199,001632
794,2017-08-03,1.2305,1.2305,001632
795,2017-08-02,1.2372,1.2372,001632
796,2017-08-01,1.2469,1.2469,001632
797,2017-07-31,1.2442,1.2442,001632
798,2017-07-31,1.2442,1.2442,001632
799,2017-07-28,1.2355,1.2355,001632
800,2017-07-27,1.2088,1.2088,001632
801,2017-07-26,1.2006,1.2006,001632
802,2017-07-25,1.2146,1.2146,001632
803,2017-07-24,1.2198,1.2198,001632
804,2017-07-21,1.2043,1.2043,001632
805,2017-07-20,1.198,1.198,001632
806,2017-07-19,1.1849,1.1849,001632
807,2017-07-18,1.1706,1.1706,001632
808,2017-07-17,1.1656,1.1656,001632
809,2017-07-14,1.1982,1.1982,001632
810,2017-07-13,1.1927,1.1927,001632
811,2017-07-12,1.1944,1.1944,001632
812,2017-07-11,1.2039,1.2039,001632
813,2017-07-10,1.1986,1.1986,001632
814,2017-07-07,1.1926,1.1926,001632
815,2017-07-06,1.2005,1.2005,001632
816,2017-07-05,1.2062,1.2062,001632
817,2017-07-04,1.1957,1.1957,001632
818,2017-07-03,1.2082,1.2082,001632
819,2017-07-03,1.2082,1.2082,001632
820,2017-06-30,1.2203,1.2203,001632
821,2017-06-29,1.2175,1.2175,001632
822,2017-06-28,1.2111,1.2111,001632
823,2017-06-27,1.225,1.225,001632
824,2017-06-26,1.2215,1.2215,001632
825,2017-06-23,1.1996,1.1996,001632
826,2017-06-22,1.1925,1.1925,001632
827,2017-06-21,1.2035,1.2035,001632
828,2017-06-20,1.1847,1.1847,001632
829,2017-06-19,1.1894,1.1894,001632
830,2017-06-16,1.181,1.181,001632
831,2017-06-15,1.1867,1.1867,001632
832,2017-06-14,1.1963,1.1963,001632
833,2017-06-13,1.2045,1.2045,001632
834,2017-06-12,1.202,1.202,001632
835,2017-06-09,1.1899,1.1899,001632
836,2017-06-08,1.1812,1.1812,001632
837,2017-06-07,1.1627,1.1627,001632
838,2017-06-06,1.1386,1.1386,001632
839,2017-06-05,1.1245,1.1245,001632
840,2017-06-05,1.1245,1.1245,001632
841,2017-06-02,1.1275,1.1275,001632
842,2017-06-01,1.1296,1.1296,001632
843,2017-05-31,1.1334,1.1334,001632
844,2017-05-26,1.1372,1.1372,001632
845,2017-05-25,1.1377,1.1377,001632
846,2017-05-24,1.1328,1.1328,001632
847,2017-05-23,1.1424,1.1424,001632
848,2017-05-22,1.1366,1.1366,001632
849,2017-05-19,1.1409,1.1409,001632
850,2017-05-18,1.1317,1.1317,001632
851,2017-05-17,1.1332,1.1332,001632
852,2017-05-16,1.1429,1.1429,001632
853,2017-05-15,1.1187,1.1187,001632
854,2017-05-12,1.1063,1.1063,001632
855,2017-05-11,1.1042,1.1042,001632
856,2017-05-10,1.1016,1.1016,001632
857,2017-05-09,1.1093,1.1093,001632
858,2017-05-08,1.1049,1.1049,001632
859,2017-05-05,1.1232,1.1232,001632
860,2017-05-04,1.1302,1.1302,001632
861,2017-05-04,1.1302,1.1302,001632
862,2017-05-03,1.1327,1.1327,001632
863,2017-05-02,1.1296,1.1296,001632
864,2017-04-28,1.1358,1.1358,001632
865,2017-04-27,1.1576,1.1576,001632
866,2017-04-26,1.1552,1.1552,001632
867,2017-04-25,1.1587,1.1587,001632
868,2017-04-24,1.1384,1.1384,001632
869,2017-04-21,1.1627,1.1627,001632
870,2017-04-20,1.1761,1.1761,001632
871,2017-04-19,1.1537,1.1537,001632
872,2017-04-18,1.1594,1.1594,001632
873,2017-04-17,1.147,1.147,001632
874,2017-04-14,1.1471,1.1471,001632
875,2017-04-13,1.1605,1.1605,001632
876,2017-04-12,1.1519,1.1519,001632
877,2017-04-11,1.1455,1.1455,001632
878,2017-04-10,1.1484,1.1484,001632
879,2017-04-07,1.1654,1.1654,001632
880,2017-04-06,1.1693,1.1693,001632
881,2017-04-05,1.172,1.172,001632
882,2017-04-05,1.172,1.172,001632
883,2017-03-31,1.1598,1.1598,001632
884,2017-03-30,1.1563,1.1563,001632
885,2017-03-29,1.1692,1.1692,001632
886,2017-03-28,1.1697,1.1697,001632
887,2017-03-27,1.1726,1.1726,001632
888,2017-03-24,1.1865,1.1865,001632
889,2017-03-23,1.1881,1.1881,001632
890,2017-03-22,1.1926,1.1926,001632
891,2017-03-21,1.1913,1.1913,001632
892,2017-03-20,1.1655,1.1655,001632
893,2017-03-17,1.1576,1.1576,001632
894,2017-03-16,1.1609,1.1609,001632
895,2017-03-15,1.1609,1.1609,001632
896,2017-03-14,1.1597,1.1597,001632
897,2017-03-13,1.1656,1.1656,001632
898,2017-03-10,1.1511,1.1511,001632
899,2017-03-09,1.1492,1.1492,001632
900,2017-03-08,1.1551,1.1551,001632
901,2017-03-07,1.1605,1.1605,001632
902,2017-03-06,1.1433,1.1433,001632
903,2017-03-06,1.1433,1.1433,001632
904,2017-03-03,1.1353,1.1353,001632
905,2017-03-02,1.1334,1.1334,001632
906,2017-03-01,1.1363,1.1363,001632
907,2017-02-28,1.1302,1.1302,001632
908,2017-02-27,1.1295,1.1295,001632
909,2017-02-24,1.1465,1.1465,001632
910,2017-02-23,1.147,1.147,001632
911,2017-02-22,1.1548,1.1548,001632
912,2017-02-21,1.1429,1.1429,001632
913,2017-02-20,1.1419,1.1419,001632
914,2017-02-17,1.1155,1.1155,001632
915,2017-02-16,1.1123,1.1123,001632
916,2017-02-15,1.1112,1.1112,001632
917,2017-02-14,1.1206,1.1206,001632
918,2017-02-13,1.1218,1.1218,001632
919,2017-02-10,1.1023,1.1023,001632
920,2017-02-09,1.1,1.1,001632
921,2017-02-08,1.0902,1.0902,001632
922,2017-02-07,1.084,1.084,001632
923,2017-02-06,1.0835,1.0835,001632
924,2017-02-06,1.0835,1.0835,001632
925,2017-02-03,1.0773,1.0773,001632
926,2017-01-26,1.0822,1.0822,001632
927,2017-01-25,1.0844,1.0844,001632
928,2017-01-24,1.0832,1.0832,001632
929,2017-01-23,1.0834,1.0834,001632
930,2017-01-20,1.0785,1.0785,001632
931,2017-01-19,1.07,1.07,001632
932,2017-01-18,1.0757,1.0757,001632
933,2017-01-17,1.066,1.066,001632
934,2017-01-16,1.0552,1.0552,001632
935,2017-01-13,1.0728,1.0728,001632
936,2017-01-12,1.0838,1.0838,001632
937,2017-01-11,1.0906,1.0906,001632
938,2017-01-10,1.1046,1.1046,001632
939,2017-01-09,1.1046,1.1046,001632
940,2017-01-06,1.1029,1.1029,001632
941,2017-01-05,1.1087,1.1087,001632
942,2017-01-04,1.1122,1.1122,001632
943,2017-01-03,1.0887,1.0887,001632
944,2016-12-31,1.0824,1.0824,001632
945,2016-12-31,1.0824,1.0824,001632
946,2016-12-30,1.0824,1.0824,001632
947,2016-12-29,1.0759,1.0759,001632
948,2016-12-28,1.0751,1.0751,001632
949,2016-12-27,1.0795,1.0795,001632
950,2016-12-26,1.0773,1.0773,001632
951,2016-12-23,1.0745,1.0745,001632
952,2016-12-22,1.0916,1.0916,001632
953,2016-12-21,1.0958,1.0958,001632
954,2016-12-20,1.0898,1.0898,001632
955,2016-12-19,1.0964,1.0964,001632
956,2016-12-16,1.0929,1.0929,001632
957,2016-12-15,1.0869,1.0869,001632
958,2016-12-14,1.0899,1.0899,001632
959,2016-12-13,1.0985,1.0985,001632
960,2016-12-12,1.0833,1.0833,001632
961,2016-12-09,1.1219,1.1219,001632
962,2016-12-08,1.1217,1.1217,001632
963,2016-12-07,1.1167,1.1167,001632
964,2016-12-06,1.1086,1.1086,001632
965,2016-12-05,1.0984,1.0984,001632
966,2016-12-05,1.0984,1.0984,001632
967,2016-12-02,1.1138,1.1138,001632
968,2016-12-01,1.1307,1.1307,001632
969,2016-11-30,1.1268,1.1268,001632
970,2016-11-29,1.1382,1.1382,001632
971,2016-11-28,1.1235,1.1235,001632
972,2016-11-25,1.1233,1.1233,001632
973,2016-11-24,1.1234,1.1234,001632
974,2016-11-23,1.1147,1.1147,001632
975,2016-11-22,1.1108,1.1108,001632
976,2016-11-21,1.1074,1.1074,001632
977,2016-11-18,1.1081,1.1081,001632
978,2016-11-17,1.1135,1.1135,001632
979,2016-11-16,1.1178,1.1178,001632
980,2016-11-15,1.1214,1.1214,001632
981,2016-11-14,1.1128,1.1128,001632
982,2016-11-11,1.1172,1.1172,001632
983,2016-11-10,1.118,1.118,001632
984,2016-11-09,1.1079,1.1079,001632
985,2016-11-08,1.1161,1.1161,001632
986,2016-11-07,1.1082,1.1082,001632
987,2016-11-07,1.1082,1.1082,001632
988,2016-11-04,1.1079,1.1079,001632
989,2016-11-03,1.1108,1.1108,001632
990,2016-11-02,1.1068,1.1068,001632
991,2016-11-01,1.1185,1.1185,001632
992,2016-10-31,1.1078,1.1078,001632
993,2016-10-28,1.1077,1.1077,001632
994,2016-10-27,1.1127,1.1127,001632
995,2016-10-26,1.1183,1.1183,001632
996,2016-10-25,1.1015,1.1015,001632
997,2016-10-24,1.0889,1.0889,001632
998,2016-10-21,1.0806,1.0806,001632
999,2016-10-20,1.0859,1.0859,001632
1000,2016-10-19,1.0879,1.0879,001632
1001,2016-10-18,1.0876,1.0876,001632
1002,2016-10-17,1.0716,1.0716,001632
1003,2016-10-14,1.077,1.077,001632
1004,2016-10-13,1.0749,1.0749,001632
1005,2016-10-12,1.0759,1.0759,001632
1006,2016-10-11,1.0774,1.0774,001632
1007,2016-10-10,1.0719,1.0719,001632
1008,2016-10-10,1.0719,1.0719,001632
1009,2016-09-30,1.0526,1.0526,001632
1010,2016-09-29,1.0428,1.0428,001632
1011,2016-09-28,1.0368,1.0368,001632
1012,2016-09-27,1.039,1.039,001632
1013,2016-09-26,1.0338,1.0338,001632
1014,2016-09-23,1.0555,1.0555,001632
1015,2016-09-22,1.0593,1.0593,001632
1016,2016-09-21,1.0494,1.0494,001632
1017,2016-09-20,1.0502,1.0502,001632
1018,2016-09-19,1.0501,1.0501,001632
1019,2016-09-14,1.0412,1.0412,001632
1020,2016-09-13,1.0439,1.0439,001632
1021,2016-09-12,1.0377,1.0377,001632
1022,2016-09-09,1.0656,1.0656,001632
1023,2016-09-08,1.072,1.072,001632
1024,2016-09-07,1.0741,1.0741,001632
1025,2016-09-06,1.0802,1.0802,001632
1026,2016-09-05,1.0706,1.0706,001632
1027,2016-09-02,1.0686,1.0686,001632
1028,2016-09-01,1.0764,1.0764,001632
1029,2016-09-01,1.0764,1.0764,001632
1030,2016-08-31,1.0832,1.0832,001632
1031,2016-08-30,1.0784,1.0784,001632
1032,2016-08-29,1.0768,1.0768,001632
1033,2016-08-26,1.0837,1.0837,001632
1034,2016-08-25,1.0846,1.0846,001632
1035,2016-08-24,1.0917,1.0917,001632
1036,2016-08-23,1.0951,1.0951,001632
1037,2016-08-22,1.0973,1.0973,001632
1038,2016-08-19,1.0996,1.0996,001632
1039,2016-08-18,1.1024,1.1024,001632
1040,2016-08-17,1.1078,1.1078,001632
1041,2016-08-16,1.1049,1.1049,001632
1042,2016-08-15,1.1071,1.1071,001632
1043,2016-08-12,1.0886,1.0886,001632
1044,2016-08-11,1.0841,1.0841,001632
1045,2016-08-10,1.0867,1.0867,001632
1046,2016-08-09,1.094,1.094,001632
1047,2016-08-08,1.0803,1.0803,001632
1048,2016-08-05,1.0713,1.0713,001632
1049,2016-08-04,1.0722,1.0722,001632
1050,2016-08-04,1.0722,1.0722,001632
1051,2016-08-03,1.0722,1.0722,001632
1052,2016-08-02,1.0687,1.0687,001632
1053,2016-08-01,1.0664,1.0664,001632
1054,2016-07-29,1.0899,1.0899,001632
1055,2016-07-28,1.0897,1.0897,001632
1056,2016-07-27,1.0794,1.0794,001632
1057,2016-07-26,1.1115,1.1115,001632
1058,2016-07-25,1.0894,1.0894,001632
1059,2016-07-22,1.0831,1.0831,001632
1060,2016-07-21,1.0998,1.0998,001632
1061,2016-07-20,1.0952,1.0952,001632
1062,2016-07-19,1.0959,1.0959,001632
1063,2016-07-18,1.112,1.112,001632
1064,2016-07-15,1.1181,1.1181,001632
1065,2016-07-14,1.119,1.119,001632
1066,2016-07-13,1.1201,1.1201,001632
1067,2016-07-12,1.131,1.131,001632
1068,2016-07-11,1.1088,1.1088,001632
1069,2016-07-08,1.0917,1.0917,001632
1070,2016-07-07,1.0942,1.0942,001632
1071,2016-07-07,1.0942,1.0942,001632
1072,2016-07-06,1.0983,1.0983,001632
1073,2016-07-05,1.0608,1.0608,001632
1074,2016-07-04,1.0545,1.0545,001632
1075,2016-07-01,1.0415,1.0415,001632
1076,2016-06-30,1.04,1.04,001632
1077,2016-06-29,1.0322,1.0322,001632
1078,2016-06-28,1.033,1.033,001632
1079,2016-06-27,1.0291,1.0291,001632
1080,2016-06-24,1.005,1.005,001632
1081,2016-06-23,1.0175,1.0175,001632
1082,2016-06-22,1.0261,1.0261,001632
1083,2016-06-21,1.0171,1.0171,001632
1084,2016-06-20,1.0263,1.0263,001632
1085,2016-06-17,1.0315,1.0315,001632
1086,2016-06-16,1.0172,1.0172,001632
1087,2016-06-15,1.0195,1.0195,001632
1088,2016-06-14,0.9986,0.9986,001632
1089,2016-06-13,0.9848,0.9848,001632
1090,2016-06-08,1.0143,1.0143,001632
1091,2016-06-07,1.0255,1.0255,001632
1092,2016-06-07,1.0255,1.0255,001632
1093,2016-06-06,1.02,1.02,001632
1094,2016-06-03,1.0254,1.0254,001632
1095,2016-06-02,0.9986,0.9986,001632
1096,2016-06-01,0.9907,0.9907,001632
1097,2016-05-31,0.9884,0.9884,001632
1098,2016-05-30,0.9596,0.9596,001632
1099,2016-05-27,0.9637,0.9637,001632
1100,2016-05-26,0.9631,0.9631,001632
1101,2016-05-25,0.9649,0.9649,001632
1102,2016-05-24,0.9712,0.9712,001632
1103,2016-05-23,0.9841,0.9841,001632
1104,2016-05-20,0.9736,0.9736,001632
1105,2016-05-19,0.9658,0.9658,001632
1106,2016-05-18,0.966,0.966,001632
1107,2016-05-17,0.9853,0.9853,001632
1108,2016-05-16,0.997,0.997,001632
1109,2016-05-13,0.9837,0.9837,001632
1110,2016-05-12,0.991,0.991,001632
1111,2016-05-11,0.9975,0.9975,001632
1112,2016-05-10,0.9788,0.9788,001632
1113,2016-05-10,0.9788,0.9788,001632
1114,2016-05-09,0.9645,0.9645,001632
1115,2016-05-06,0.9771,0.9771,001632
1116,2016-05-05,1.011,1.011,001632
1117,2016-05-04,1.005,1.005,001632
1118,2016-05-03,1.0128,1.0128,001632
1119,2016-04-29,0.9683,0.9683,001632
1120,2016-04-28,0.9536,0.9536,001632
1121,2016-04-27,0.9546,0.9546,001632
1122,2016-04-26,0.9525,0.9525,001632
1123,2016-04-25,0.9483,0.9483,001632
1124,2016-04-22,0.9478,0.9478,001632
1125,2016-04-21,0.9352,0.9352,001632
1126,2016-04-20,0.9356,0.9356,001632
1127,2016-04-19,0.9667,0.9667,001632
1128,2016-04-18,0.9652,0.9652,001632
1129,2016-04-15,0.9749,0.9749,001632
1130,2016-04-14,0.9747,0.9747,001632
1131,2016-04-13,0.9653,0.9653,001632
1132,2016-04-12,0.9599,0.9599,001632
1133,2016-04-11,0.965,0.965,001632
1134,2016-04-11,0.965,0.965,001632
1135,2016-04-08,0.9592,0.9592,001632
1136,2016-04-07,0.9694,0.9694,001632
1137,2016-04-06,0.9876,0.9876,001632
1138,2016-04-05,0.9774,0.9774,001632
1139,2016-04-01,0.961,0.961,001632
1140,2016-03-31,0.968,0.968,001632
1141,2016-03-30,0.9655,0.9655,001632
1142,2016-03-29,0.9452,0.9452,001632
1143,2016-03-28,0.9599,0.9599,001632
1144,2016-03-25,0.9522,0.9522,001632
1145,2016-03-24,0.9421,0.9421,001632
1146,2016-03-23,0.9429,0.9429,001632
1147,2016-03-22,0.9399,0.9399,001632
1148,2016-03-21,0.9389,0.9389,001632
1149,2016-03-18,0.9211,0.9211,001632
1150,2016-03-17,0.9033,0.9033,001632
1151,2016-03-16,0.8879,0.8879,001632
1152,2016-03-15,0.8975,0.8975,001632
1153,2016-03-14,0.8946,0.8946,001632
1154,2016-03-11,0.8795,0.8795,001632
1155,2016-03-11,0.8795,0.8795,001632
1156,2016-03-10,0.8821,0.8821,001632
1157,2016-03-09,0.8813,0.8813,001632
1158,2016-03-08,0.8977,0.8977,001632
1159,2016-03-07,0.9063,0.9063,001632
1160,2016-03-04,0.8971,0.8971,001632
1161,2016-03-03,0.8914,0.8914,001632
1162,2016-03-02,0.8857,0.8857,001632
1163,2016-03-01,0.8531,0.8531,001632
1164,2016-02-29,0.8378,0.8378,001632
1165,2016-02-26,0.8652,0.8652,001632
1166,2016-02-25,0.8572,0.8572,001632
1167,2016-02-24,0.9136,0.9136,001632
1168,2016-02-23,0.9067,0.9067,001632
1169,2016-02-22,0.9025,0.9025,001632
1170,2016-02-19,0.8852,0.8852,001632
1171,2016-02-18,0.8826,0.8826,001632
1172,2016-02-17,0.8869,0.8869,001632
1173,2016-02-16,0.879,0.879,001632
1174,2016-02-15,0.8515,0.8515,001632
1175,2016-02-05,0.8607,0.8607,001632
1176,2016-02-05,0.8607,0.8607,001632
1177,2016-02-04,0.8687,0.8687,001632
1178,2016-02-03,0.8591,0.8591,001632
1179,2016-02-02,0.86,0.86,001632
1180,2016-02-01,0.841,0.841,001632
1181,2016-01-29,0.8446,0.8446,001632
1182,2016-01-28,0.819,0.819,001632
1183,2016-01-27,0.8429,0.8429,001632
1184,2016-01-26,0.8509,0.8509,001632
1185,2016-01-25,0.8972,0.8972,001632
1186,2016-01-22,0.887,0.887,001632
1187,2016-01-21,0.8802,0.8802,001632
1188,2016-01-20,0.907,0.907,001632
1189,2016-01-19,0.9215,0.9215,001632
1190,2016-01-18,0.8897,0.8897,001632
1191,2016-01-15,0.8827,0.8827,001632
1192,2016-01-14,0.9094,0.9094,001632
1193,2016-01-13,0.8888,0.8888,001632
1194,2016-01-12,0.905,0.905,001632
1195,2016-01-11,0.9069,0.9069,001632
1196,2016-01-08,0.9543,0.9543,001632
1197,2016-01-08,0.9543,0.9543,001632
1198,2016-01-07,0.9398,0.9398,001632
1199,2016-01-06,1.0071,1.0071,001632
1200,2016-01-05,0.9908,0.9908,001632
1201,2016-01-04,0.9899,0.9899,001632
1202,2015-12-31,1.0647,1.0647,001632
1203,2015-12-30,1.0693,1.0693,001632
1204,2015-12-29,1.0659,1.0659,001632
1205,2015-12-28,1.0547,1.0547,001632
1206,2015-12-25,1.0828,1.0828,001632
1207,2015-12-24,1.0843,1.0843,001632
1208,2015-12-23,1.0909,1.0909,001632
1209,2015-12-22,1.1033,1.1033,001632
1210,2015-12-21,1.0992,1.0992,001632
1211,2015-12-18,1.0483,1.0483,001632
1212,2015-12-17,1.0351,1.0351,001632
1213,2015-12-16,1.0161,1.0161,001632
1214,2015-12-15,1.0157,1.0157,001632
1215,2015-12-14,1.0084,1.0084,001632
1216,2015-12-11,0.9917,0.9917,001632
1217,2015-12-10,1,1,001632
1218,2015-12-10,1,1,001632
1219,2015-12-09,1.003,1.003,001632
1220,2015-12-08,1.0028,1.0028,001632
1221,2015-12-07,1.0245,1.0245,001632
1222,2015-12-04,1.0194,1.0194,001632
1223,2015-12-03,1.0231,1.0231,001632
1224,2015-12-02,1.0131,1.0131,001632
1225,2015-12-01,0.9976,0.9976,001632
1226,2015-11-30,0.9922,0.9922,001632
1227,2015-11-27,0.9849,0.9849,001632
1228,2015-11-26,1.025,1.025,001632
1229,2015-11-25,1.0305,1.0305,001632
1230,2015-11-24,1.0199,1.0199,001632
1231,2015-11-23,1.015,1.015,001632
1232,2015-11-20,1.0151,1.0151,001632
1233,2015-11-19,1.0113,1.0113,001632
1234,2015-11-18,0.9995,0.9995,001632
1235,2015-11-17,1.0021,1.0021,001632
1236,2015-11-16,1.0023,1.0023,001632
1237,2015-11-13,0.9948,0.9948,001632
1238,2015-11-12,1.0118,1.0118,001632
1239,2015-11-12,1.0118,1.0118,001632
1240,2015-11-11,1.0142,1.0142,001632
1241,2015-11-10,1.0094,1.0094,001632
1242,2015-11-09,1.0104,1.0104,001632
1243,2015-11-06,1.0021,1.0021,001632
1244,2015-11-05,0.9917,0.9917,001632
1245,2015-11-04,0.9903,0.9903,001632
1246,2015-11-03,0.9561,0.9561,001632
1247,2015-11-02,0.9548,0.9548,001632
1248,2015-10-30,0.9663,0.9663,001632
1249,2015-10-29,0.9588,0.9588,001632
1250,2015-10-28,0.9497,0.9497,001632
1251,2015-10-27,0.9652,0.9652,001632
1252,2015-10-26,0.968,0.968,001632
1253,2015-10-23,0.961,0.961,001632
1254,2015-10-22,0.9381,0.9381,001632
1255,2015-10-21,0.9176,0.9176,001632
1256,2015-10-20,0.9594,0.9594,001632
1257,2015-10-19,0.9555,0.9555,001632
1258,2015-10-16,0.9542,0.9542,001632
1259,2015-10-15,0.948,0.948,001632
